Timestamp,First Name,Last Name,Email,Phone number
10/12/2019 12:31:45,John,Lennon,jlennon@mail.com,123
10/14/2019 8:16:37,Ringo,Starr,rstarr23@gmail.com,123
10/16/2019 10:30:44,TestL,TestL,Tl@gmail.com,123456
10/17/2019 5:20:31,Nikolaos,Atlay,natlayr9@accuweather.com,12345676543
10/17/2019 7:54:32,Neala,Botwood,nbotwoodr0@economist.com,8733346412
10/17/2019 8:08:17,Craig,Moore,creaifmoore@mcrre.com,6238954
10/18/2019 17:32:46,David,Ang,david@gmail.com,639189460129
11/3/2019 6:39:21,George,Harrison,gh@beatle.com,987123456
11/12/2019 8:04:09,Drew,Brees,drew@saints.com,465747776
11/12/2019 8:05:34,Tom,Brady,tom@pats.com,23534354